{"cameraMode":{"drawMode":0,"name":"Shaded","section":"Shading Mode"},"sceneLighting":true,"audioPlay":false,"sceneViewState":{"showFog":true,"showMaterialUpdate":false,"showSkybox":true,"showFlares":true,"showImageEffects":true,"showParticleSystems":true,"showVisualEffectGraphs":true,"m_FxEnabled":true},"in2DMode":false,"pivot":{"x":9.780128479003907,"y":38.966522216796878,"z":-17.08812713623047},"rotation":{"x":0.016499493271112443,"y":-0.0030003967694938184,"z":0.00007727700722170994,"w":0.9998753666877747},"size":39.342105865478519,"orthographic":false}