{"cameraMode":{"drawMode":0,"name":"Shaded","section":"Shading Mode"},"sceneLighting":true,"audioPlay":false,"sceneViewState":{"showFog":true,"showMaterialUpdate":false,"showSkybox":true,"showFlares":true,"showImageEffects":true,"showParticleSystems":true,"showVisualEffectGraphs":true,"m_FxEnabled":true},"in2DMode":false,"pivot":{"x":3.6857004165649416,"y":31.4549503326416,"z":1.047865867614746},"rotation":{"x":0.016499493271112443,"y":-0.0030003967694938184,"z":0.00007727700722170994,"w":0.9998753666877747},"size":48.853111267089847,"orthographic":false}