{"cameraMode":{"drawMode":0,"name":"Shaded","section":"Shading Mode"},"sceneLighting":true,"audioPlay":false,"sceneViewState":{"showFog":true,"showMaterialUpdate":false,"showSkybox":true,"showFlares":true,"showImageEffects":true,"showParticleSystems":true,"showVisualEffectGraphs":true,"m_FxEnabled":true},"in2DMode":false,"pivot":{"x":-5.667882919311523,"y":31.57782554626465,"z":3.9539146423339845},"rotation":{"x":0.18188297748565675,"y":-0.03244360163807869,"z":0.006003260612487793,"w":0.9827748537063599},"size":23.738418579101564,"orthographic":false}