{"cameraMode":{"drawMode":0,"name":"Shaded","section":"Shading Mode"},"sceneLighting":true,"audioPlay":false,"sceneViewState":{"showFog":true,"showMaterialUpdate":false,"showSkybox":true,"showFlares":true,"showImageEffects":true,"showParticleSystems":true,"showVisualEffectGraphs":true,"m_FxEnabled":true},"in2DMode":false,"pivot":{"x":5.913313865661621,"y":58.36363983154297,"z":-50.88740921020508},"rotation":{"x":0.03899043798446655,"y":-0.002998232375830412,"z":0.00012790986511390656,"w":0.9992455840110779},"size":33.70595169067383,"orthographic":false}