{"cameraMode":{"drawMode":0,"name":"Shaded","section":"Shading Mode"},"sceneLighting":true,"audioPlay":false,"sceneViewState":{"showFog":true,"showMaterialUpdate":false,"showSkybox":true,"showFlares":true,"showImageEffects":true,"showParticleSystems":true,"showVisualEffectGraphs":true,"m_FxEnabled":true},"in2DMode":false,"pivot":{"x":3.5281121730804445,"y":32.949310302734378,"z":-26.050575256347658},"rotation":{"x":0.0928565263748169,"y":0.014934573322534562,"z":-0.001394106773659587,"w":0.9955745339393616},"size":17.407930374145509,"orthographic":false}