{"cameraMode":{"drawMode":0,"name":"Shaded","section":"Shading Mode"},"sceneLighting":true,"audioPlay":false,"sceneViewState":{"showFog":true,"showMaterialUpdate":false,"showSkybox":true,"showFlares":true,"showImageEffects":true,"showParticleSystems":true,"showVisualEffectGraphs":true,"m_FxEnabled":true},"in2DMode":false,"pivot":{"x":3.2785696983337404,"y":30.947063446044923,"z":4.605495452880859},"rotation":{"x":0.12269112467765808,"y":0.0014885099371895195,"z":-0.0001851430715760216,"w":0.9924525618553162},"size":25.92294692993164,"orthographic":false}