{"cameraMode":{"drawMode":0,"name":"Shaded","section":"Shading Mode"},"sceneLighting":true,"audioPlay":false,"sceneViewState":{"showFog":true,"showMaterialUpdate":false,"showSkybox":true,"showFlares":true,"showImageEffects":true,"showParticleSystems":true,"showVisualEffectGraphs":true,"m_FxEnabled":true},"in2DMode":false,"pivot":{"x":-36.3365592956543,"y":26.68609619140625,"z":4.650829315185547},"rotation":{"x":0.12269112467765808,"y":0.0014885099371895195,"z":-0.0001851430715760216,"w":0.9924525618553162},"size":16.660642623901368,"orthographic":false}