{"cameraMode":{"drawMode":0,"name":"Shaded","section":"Shading Mode"},"sceneLighting":true,"audioPlay":false,"sceneViewState":{"showFog":true,"showMaterialUpdate":false,"showSkybox":true,"showFlares":true,"showImageEffects":true,"showParticleSystems":true,"showVisualEffectGraphs":true,"m_FxEnabled":true},"in2DMode":false,"pivot":{"x":-41.183502197265628,"y":30.247163772583009,"z":3.3227195739746095},"rotation":{"x":0.004497501067817211,"y":0.03599153086543083,"z":-0.00015087750216480345,"w":0.9993553757667542},"size":9.861688613891602,"orthographic":false}