{"cameraMode":{"drawMode":0,"name":"Shaded","section":"Shading Mode"},"sceneLighting":false,"audioPlay":false,"sceneViewState":{"showFog":true,"showMaterialUpdate":false,"showSkybox":false,"showFlares":true,"showImageEffects":true,"showParticleSystems":true,"showVisualEffectGraphs":true,"m_FxEnabled":true},"in2DMode":false,"pivot":{"x":-36.70000076293945,"y":9.100000381469727,"z":-1.0055999755859376},"rotation":{"x":0.12269112467765808,"y":0.0014885099371895195,"z":-0.0001851430715760216,"w":0.9924525618553162},"size":9.600772857666016,"orthographic":false}