{"cameraMode":{"drawMode":0,"name":"Shaded","section":"Shading Mode"},"sceneLighting":true,"audioPlay":false,"sceneViewState":{"showFog":true,"showMaterialUpdate":false,"showSkybox":true,"showFlares":true,"showImageEffects":true,"showParticleSystems":true,"showVisualEffectGraphs":true,"m_FxEnabled":true},"in2DMode":false,"pivot":{"x":-22.690898895263673,"y":-21.583389282226564,"z":18.230300903320314},"rotation":{"x":-0.017377493903040887,"y":-0.9245190024375916,"z":0.37840771675109866,"w":-0.042454127222299579},"size":129.16197204589845,"orthographic":false}